<code_scheme name="Default" version="173">
  <Objective-C>
    <option name="INDENT_NAMESPACE_MEMBERS" value="0" />
    <option name="KEEP_STRUCTURES_IN_ONE_LINE" value="true" />
    <option name="FUNCTION_BRACE_PLACEMENT" value="2" />
    <option name="FUNCTION_PARAMETERS_WRAP" value="5" />
    <option name="LAMBDA_CAPTURE_LIST_WRAP" value="5" />
    <option name="LAMBDA_CAPTURE_LIST_ALIGN_MULTILINE" value="true" />
    <option name="FUNCTION_CALL_ARGUMENTS_WRAP" value="5" />
    <option name="TEMPLATE_PARAMETERS_WRAP" value="5" />
    <option name="TEMPLATE_PARAMETERS_ALIGN_MULTILINE" value="true" />
    <option name="TEMPLATE_CALL_ARGUMENTS_WRAP" value="5" />
    <option name="TEMPLATE_CALL_ARGUMENTS_ALIGN_MULTILINE" value="true" />
    <option name="CLASS_CONSTRUCTOR_INIT_LIST_WRAP" value="5" />
    <option name="CLASS_CONSTRUCTOR_INIT_LIST_NEW_LINE_BEFORE_COLON" value="0" />
    <option name="CLASS_CONSTRUCTOR_INIT_LIST_NEW_LINE_AFTER_COLON" value="1" />
    <option name="IN_LINE_SHORT_TERNARY_OPERATOR" value="false" />
    <option name="ADD_BRIEF_TAG" value="true" />
    <option name="TAG_PREFIX_OF_BLOCK_COMMENT" value="BACK_SLASH" />
    <option name="CLASSES_AND_STRUCTS_NAMING_CONVENTION">
      <value prefix="" style="PASCAL_CASE" suffix="" />
    </option>
    <option name="ENUMS_NAMING_CONVENTION">
      <value prefix="" style="PASCAL_CASE" suffix="" />
    </option>
    <option name="TYPEDEFS_NAMING_CONVENTION">
      <value prefix="" style="PASCAL_CASE" suffix="" />
    </option>
    <option name="UNIONS_NAMING_CONVENTION">
      <value prefix="" style="PASCAL_CASE" suffix="" />
    </option>
    <option name="FIELDS_NAMING_CONVENTION">
      <value prefix="m_" style="CAMEL_CASE" suffix="" />
    </option>
    <option name="GLOBAL_VARIABLES_NAMING_CONVENTION">
      <value prefix="g_" style="CAMEL_CASE" suffix="" />
    </option>
  </Objective-C>
  <Objective-C-extensions>
    <option name="TAG_PREFIX_OF_BLOCK_COMMENT" value="BACK_SLASH" />
  </Objective-C-extensions>
  <clangFormatSettings>
    <option name="ENABLED" value="true" />
  </clangFormatSettings>
  <codeStyleSettings language="ObjectiveC">
    <option name="KEEP_FIRST_COLUMN_COMMENT" value="false" />
    <option name="KEEP_CONTROL_STATEMENT_IN_ONE_LINE" value="false" />
    <option name="ELSE_ON_NEW_LINE" value="true" />
    <option name="ALIGN_MULTILINE_CHAINED_METHODS" value="true" />
    <option name="METHOD_CALL_CHAIN_WRAP" value="5" />
    <option name="BINARY_OPERATION_WRAP" value="5" />
    <option name="TERNARY_OPERATION_WRAP" value="5" />
    <option name="FOR_STATEMENT_WRAP" value="5" />
    <option name="ARRAY_INITIALIZER_WRAP" value="5" />
    <option name="ASSIGNMENT_WRAP" value="1" />
    <option name="IF_BRACE_FORCE" value="1" />
    <option name="DOWHILE_BRACE_FORCE" value="3" />
  </codeStyleSettings>
</code_scheme>