<application>
  <component name="FileTypeManager" version="17">
    <extensionMap>
      <mapping pattern=".clang-format" type="PLAIN_TEXT" />
      <mapping pattern="GPLv3" type="PLAIN_TEXT" />
      <mapping pattern="LICENSE" type="PLAIN_TEXT" />
      <mapping pattern="AAAAAAAA" type="PLAIN_TEXT" />
      <mapping ext="license" type="PLAIN_TEXT" />
      <mapping ext="template" type="PLAIN_TEXT" />
      <mapping ext="cmake" type="PLAIN_TEXT" />
      <mapping ext="in" type="PLAIN_TEXT" />
    </extensionMap>
  </component>
</application>