<application>
  <component name="ProjectManager">
    <defaultProject>
      <component name="GOROOT" path="/usr/lib/go" />
      <component name="PropertiesComponent">
        <property name="go.import.settings.migrated" value="true" />
        <property name="settings.editor.selected.configurable" value="reference.settingsdialog.IDE.editor.colors.General" />
      </component>
      <component name="VgoProject">
        <integration-enabled>true</integration-enabled>
      </component>
    </defaultProject>
  </component>
</application>