<application>
  <component name="CPPToolchains" version="4">
    <toolchains detectedVersion="5">
      <toolchain name="Clang-cl" toolSetKind="SYSTEM_UNIX_TOOLSET" toolSetPath="C:\Program Files (x86)\Microsoft Visual Studio\2019\Community" customCCompilerPath="C:\msys64\mingw64\bin\clang-cl.exe" customCXXCompilerPath="C:\msys64\mingw64\bin\clang-cl.exe" debuggerKind="CUSTOM_GDB" customGDBPath="/usr/bin/gdb">
        <toolSetOption type="msvc.arch" value="amd64" />
      </toolchain>
      <toolchain name="MSVC" toolSetKind="SYSTEM_UNIX_TOOLSET" toolSetPath="C:\Program Files (x86)\Microsoft Visual Studio\2019\Community" debuggerKind="BUNDLED_GDB">
        <toolSetOption type="msvc.arch" value="amd64" />
      </toolchain>
      <toolchain name="Clang" toolSetKind="SYSTEM_UNIX_TOOLSET" toolSetPath="C:\msys64\mingw64" customCCompilerPath="C:\msys64\mingw64\bin\clang.exe" customCXXCompilerPath="C:\msys64\mingw64\bin\clang++.exe" debuggerKind="CUSTOM_GDB" customGDBPath="C:\msys64\mingw64\bin\gdb.exe" />
      <toolchain name="MinGW" toolSetKind="SYSTEM_UNIX_TOOLSET" toolSetPath="C:\msys64\mingw64" debuggerKind="CUSTOM_GDB" customGDBPath="C:\msys64\mingw64\bin\gdb.exe" />
    </toolchains>
  </component>
</application>