<application>
  <component name="CodeFoldingSettings">
    <option name="COLLAPSE_IMPORTS" value="false" />
    <option name="COLLAPSE_FILE_HEADER" value="false" />
  </component>
  <component name="CodeInsightSettings">
    <option name="PARAMETER_INFO_DELAY" value="0" />
    <option name="AUTO_POPUP_JAVADOC_INFO" value="true" />
    <option name="JAVADOC_INFO_DELAY" value="300" />
    <option name="COMPLETION_CASE_SENSITIVE" value="1" />
    <option name="SHOW_FULL_SIGNATURES_IN_PARAMETER_INFO" value="true" />
  </component>
  <component name="DefaultFont">
    <option name="FONT_FAMILY" value="Noto Sans Mono" />
  </component>
  <component name="EditorSettings">
    <option name="IS_WHITESPACES_SHOWN" value="true" />
  </component>
  <component name="OCCodeFoldingSettings">
    <option name="collapseTemplateParamList" value="false" />
    <option name="COLLAPSE_TEMPLATE_PARAM_LIST" value="false" />
  </component>
</application>